fold,mse,mae,D,north_mean,south_mean,best_step
1,2.4329675595384246,1.2216523589039099,0.9967174530029297,-0.9944663643836975,-1.9957575798034668,500
2,2.420472695965278,1.218076127369161,0.9967174530029297,-0.9944663643836975,-1.9957575798034668,500
3,2.4568431893937057,1.2278550540913624,0.9967174530029297,-0.9944663643836975,-1.9957575798034668,500
4,2.4825203450411792,1.2359598699002843,0.9967174530029297,-0.9944663643836975,-1.9957575798034668,500
5,2.4321432205564584,1.2140531368649419,0.9967174530029297,-0.9944663643836975,-1.9957575798034668,500
